<?xml version="1.0" encoding="UTF-8"?>
<configurationDescriptor version="62">
  <logicalFolder name="root" displayName="root" projectFiles="true">
    <logicalFolder name="HeaderFiles"
                   displayName="Header Files"
                   projectFiles="true">
      <logicalFolder name="USB Stack" displayName="USB Stack" projectFiles="true">
        <itemPath>../Microchip/Include/USB/usb.h</itemPath>
        <itemPath>../Microchip/Include/USB/usb_ch9.h</itemPath>
        <itemPath>../Microchip/Include/USB/usb_common.h</itemPath>
        <itemPath>../Microchip/Include/USB/usb_device.h</itemPath>
        <itemPath>../Microchip/Include/USB/usb_function_hid.h</itemPath>
        <itemPath>../Microchip/Include/USB/usb_hal.h</itemPath>
        <itemPath>../Microchip/Include/USB/usb_hal_pic32.h</itemPath>
      </logicalFolder>
      <itemPath>HardwareProfile - UBW32.h</itemPath>
      <itemPath>HardwareProfile.h</itemPath>
      <itemPath>usb_config.h</itemPath>
      <itemPath>HardwareProfile - Fubarduino.h</itemPath>
    </logicalFolder>
    <logicalFolder name="LibraryFiles"
                   displayName="Library Files"
                   projectFiles="true">
    </logicalFolder>
    <logicalFolder name="LinkerScript"
                   displayName="Linker Files"
                   projectFiles="true">
    </logicalFolder>
    <logicalFolder name="ObjectFiles"
                   displayName="Object Files"
                   projectFiles="true">
    </logicalFolder>
    <logicalFolder name="SourceFiles"
                   displayName="Source Files"
                   projectFiles="true">
      <logicalFolder name="USB Stack" displayName="USB Stack" projectFiles="true">
        <itemPath>../Microchip/USB/usb_device.c</itemPath>
        <itemPath>../Microchip/USB/HID Device Driver/usb_function_hid.c</itemPath>
      </logicalFolder>
      <itemPath>main.c</itemPath>
      <itemPath>usb_descriptors.c</itemPath>
    </logicalFolder>
    <logicalFolder name="ExternalFiles"
                   displayName="Important Files"
                   projectFiles="false">
      <itemPath>Makefile</itemPath>
    </logicalFolder>
    <logicalFolder name="OtherFiles" displayName="Other Files" projectFiles="false">
      <itemPath>dist/default/production/HIDBoot.X.production.map</itemPath>
      <itemPath>procdefs.ld</itemPath>
    </logicalFolder>
  </logicalFolder>
  <projectmakefile>Makefile</projectmakefile>
  <confs>
    <conf name="MX460" type="2">
      <toolsSet>
        <developmentServer>localhost</developmentServer>
        <targetDevice>PIC32MX460F512L</targetDevice>
        <targetHeader></targetHeader>
        <platformTool>PICkit3PlatformTool</platformTool>
        <languageToolchain>C32</languageToolchain>
        <languageToolchainVersion>2.01</languageToolchainVersion>
        <platform>3</platform>
      </toolsSet>
      <compileType>
        <linkerTool>
          <linkerLibItems>
          </linkerLibItems>
        </linkerTool>
      </compileType>
      <makeCustomizationType>
        <makeCustomizationPreStepEnabled>false</makeCustomizationPreStepEnabled>
        <makeCustomizationPreStep></makeCustomizationPreStep>
        <makeCustomizationPostStepEnabled>false</makeCustomizationPostStepEnabled>
        <makeCustomizationPostStep></makeCustomizationPostStep>
        <makeCustomizationAlternativeFileToLoadEnabled>false</makeCustomizationAlternativeFileToLoadEnabled>
        <makeCustomizationAlternativeFileToLoad></makeCustomizationAlternativeFileToLoad>
        <makeCustomizationPutChecksumInUserID>false</makeCustomizationPutChecksumInUserID>
      </makeCustomizationType>
      <C32>
        <property key="optimization-level" value="-O1"/>
        <property key="generate-16-bit-code" value="false"/>
        <property key="strict-ansi" value="false"/>
        <property key="preprocessor-macros" value="UBW32"/>
        <property key="additional-warnings" value="false"/>
        <property key="extra-include-directories"
                  value="..;../Microchip/Include;../Microchip/Include/USB;./;../HIDBoot.X/;../.."/>
        <property key="post-instruction-scheduling" value="default"/>
        <property key="enable-app-io" value="false"/>
        <property key="enable-unroll-loops" value="false"/>
        <property key="support-ansi" value="false"/>
        <property key="place-data-into-section" value="true"/>
        <property key="enable-symbols" value="true"/>
        <property key="isolate-each-function" value="true"/>
        <property key="use-indirect-calls" value="false"/>
        <property key="exclude-floating-point" value="true"/>
        <property key="enable-omit-frame-pointer" value="false"/>
        <property key="pre-instruction-scheduling" value="default"/>
        <property key="make-warnings-into-errors" value="false"/>
        <appendMe value="-fno-forward-propagate"/>
      </C32>
      <C32-AS>
        <property key="omit-debug-dirs" value="false"/>
        <property key="extra-include-directories-for-assembler" value=".."/>
        <property key="preprocessor-macros" value=""/>
        <property key="exclude-floating-point-library" value="false"/>
        <property key="list-file" value=""/>
        <property key="list-source" value="false"/>
        <property key="list-assembly" value="false"/>
        <property key="warning-level" value=""/>
        <property key="extra-include-directories-for-preprocessor" value=""/>
        <property key="list-section-info" value="false"/>
        <property key="omit-forms" value="false"/>
        <property key="list-symbols" value="false"/>
        <property key="enable-symbols" value="true"/>
        <property key="keep-locals" value="false"/>
        <property key="false-conditionals" value="false"/>
        <property key="expand-macros" value="false"/>
        <property key="assembler-symbols" value=""/>
      </C32-AS>
      <C32-LD>
        <property key="exclude-floating-point-library" value="true"/>
        <property key="optimization-level" value="-O1"/>
        <property key="generate-16-bit-code" value="false"/>
        <property key="preprocessor-macros" value=""/>
        <property key="warn-section-align" value="false"/>
        <property key="heap-size" value=""/>
        <property key="no-startup-files" value="false"/>
        <property key="remove-unused-sections" value="false"/>
        <property key="stack-size" value=""/>
        <property key="trace-symbols" value=""/>
        <property key="linker-symbols" value=""/>
        <property key="map-file" value="&quot;${DISTDIR}/HIDBoot.X.${IMAGE_TYPE}.map&quot;"/>
        <property key="exclude-standard-libraries" value="false"/>
        <property key="report-memory-usage" value="false"/>
        <property key="generate-cross-reference-file" value="false"/>
        <property key="input-libraries" value=""/>
        <property key="enable-check-sections" value="false"/>
        <property key="symbol-stripping" value=""/>
        <property key="extra-lib-directories" value=".."/>
      </C32-LD>
      <C32Global>
        <property key="legacy-libc" value="false"/>
      </C32Global>
      <PICkit3PlatformTool>
        <property key="programoptions.preserveprogramrange" value="false"/>
        <property key="programoptions.eraseb4program" value="true"/>
        <property key="memories.id" value="false"/>
        <property key="CHANGE NOTICE" value="true"/>
        <property key="ToolFirmwareFilePath"
                  value="Press to browse for a specific firmware version"/>
        <property key="memories.eeprom" value="false"/>
        <property key="SecureSegment.SegmentProgramming" value="FullChipProgramming"/>
        <property key="COMPARATOR" value="true"/>
        <property key="REAL TIME CLOCK" value="true"/>
        <property key="programoptions.usehighvoltageonmclr" value="false"/>
        <property key="DMA" value="true"/>
        <property key="INPUT CAPTURE 5" value="true"/>
        <property key="INPUT CAPTURE 4" value="true"/>
        <property key="INPUT CAPTURE 3" value="true"/>
        <property key="INPUT CAPTURE 2" value="true"/>
        <property key="programoptions.preserveeeprom" value="false"/>
        <property key="INPUT CAPTURE 1" value="true"/>
        <property key="ADC 1" value="true"/>
        <property key="hwtoolclock.frcindebug" value="false"/>
        <property key="OUTPUT COMPARE 5" value="true"/>
        <property key="OUTPUT COMPARE 4" value="true"/>
        <property key="memories.programmemory" value="true"/>
        <property key="OUTPUT COMPARE 3" value="true"/>
        <property key="PARALLEL MASTER/SLAVE PORT" value="true"/>
        <property key="OUTPUT COMPARE 2" value="true"/>
        <property key="OUTPUT COMPARE 1" value="true"/>
        <property key="poweroptions.powerenable" value="false"/>
        <property key="memories.programmemory.start" value="0x1d000000"/>
        <property key="programoptions.preserveprogramrange.start" value="0x1d000000"/>
        <property key="ToolFirmwareOption.UseLatestFirmware" value="true"/>
        <property key="AutoSelectMemRanges" value="auto"/>
        <property key="voltagevalue" value="3.25"/>
        <property key="memories.programmemory.end" value="0x1d07ffff"/>
        <property key="TIMER5" value="true"/>
        <property key="TIMER4" value="true"/>
        <property key="TIMER3" value="true"/>
        <property key="TIMER2" value="true"/>
        <property key="TIMER1" value="true"/>
        <property key="programmertogo.imagename" value=""/>
        <property key="I2C2" value="true"/>
        <property key="I2C1" value="true"/>
        <property key="INTERRUPT CONTROL" value="true"/>
        <property key="UART2" value="true"/>
        <property key="programoptions.preserveprogramrange.end" value="0x1d0001ff"/>
        <property key="Freeze All Other Peripherals" value="true"/>
        <property key="UART1" value="true"/>
      </PICkit3PlatformTool>
    </conf>
    <conf name="MX795" type="2">
      <toolsSet>
        <developmentServer>localhost</developmentServer>
        <targetDevice>PIC32MX795F512L</targetDevice>
        <targetHeader></targetHeader>
        <platformTool>PICkit3PlatformTool</platformTool>
        <languageToolchain>C32</languageToolchain>
        <languageToolchainVersion>2.01</languageToolchainVersion>
        <platform>3</platform>
      </toolsSet>
      <compileType>
        <linkerTool>
          <linkerLibItems>
          </linkerLibItems>
        </linkerTool>
      </compileType>
      <makeCustomizationType>
        <makeCustomizationPreStepEnabled>false</makeCustomizationPreStepEnabled>
        <makeCustomizationPreStep></makeCustomizationPreStep>
        <makeCustomizationPostStepEnabled>false</makeCustomizationPostStepEnabled>
        <makeCustomizationPostStep></makeCustomizationPostStep>
        <makeCustomizationAlternativeFileToLoadEnabled>false</makeCustomizationAlternativeFileToLoadEnabled>
        <makeCustomizationAlternativeFileToLoad></makeCustomizationAlternativeFileToLoad>
        <makeCustomizationPutChecksumInUserID>false</makeCustomizationPutChecksumInUserID>
      </makeCustomizationType>
      <C32>
        <property key="optimization-level" value="-O1"/>
        <property key="generate-16-bit-code" value="false"/>
        <property key="strict-ansi" value="false"/>
        <property key="preprocessor-macros" value="UBW32"/>
        <property key="additional-warnings" value="false"/>
        <property key="extra-include-directories"
                  value="..;../Microchip/Include;../Microchip/Include/USB;./;../HIDBoot.X/;../.."/>
        <property key="post-instruction-scheduling" value="default"/>
        <property key="enable-app-io" value="false"/>
        <property key="enable-unroll-loops" value="false"/>
        <property key="support-ansi" value="false"/>
        <property key="place-data-into-section" value="true"/>
        <property key="enable-symbols" value="true"/>
        <property key="isolate-each-function" value="true"/>
        <property key="use-indirect-calls" value="false"/>
        <property key="exclude-floating-point" value="true"/>
        <property key="enable-omit-frame-pointer" value="false"/>
        <property key="pre-instruction-scheduling" value="default"/>
        <property key="make-warnings-into-errors" value="false"/>
        <appendMe value="-fno-forward-propagate"/>
      </C32>
      <C32-AS>
        <property key="omit-debug-dirs" value="false"/>
        <property key="extra-include-directories-for-assembler" value=".."/>
        <property key="preprocessor-macros" value=""/>
        <property key="exclude-floating-point-library" value="false"/>
        <property key="list-file" value=""/>
        <property key="list-source" value="false"/>
        <property key="list-assembly" value="false"/>
        <property key="warning-level" value=""/>
        <property key="extra-include-directories-for-preprocessor" value=""/>
        <property key="list-section-info" value="false"/>
        <property key="omit-forms" value="false"/>
        <property key="list-symbols" value="false"/>
        <property key="enable-symbols" value="true"/>
        <property key="keep-locals" value="false"/>
        <property key="false-conditionals" value="false"/>
        <property key="expand-macros" value="false"/>
        <property key="assembler-symbols" value=""/>
      </C32-AS>
      <C32-LD>
        <property key="exclude-floating-point-library" value="true"/>
        <property key="optimization-level" value="-O1"/>
        <property key="generate-16-bit-code" value="false"/>
        <property key="preprocessor-macros" value=""/>
        <property key="warn-section-align" value="false"/>
        <property key="heap-size" value=""/>
        <property key="no-startup-files" value="false"/>
        <property key="remove-unused-sections" value="false"/>
        <property key="stack-size" value=""/>
        <property key="trace-symbols" value=""/>
        <property key="linker-symbols" value=""/>
        <property key="map-file" value="&quot;${DISTDIR}/HIDBoot.X.${IMAGE_TYPE}.map&quot;"/>
        <property key="exclude-standard-libraries" value="false"/>
        <property key="report-memory-usage" value="false"/>
        <property key="generate-cross-reference-file" value="false"/>
        <property key="input-libraries" value=""/>
        <property key="enable-check-sections" value="false"/>
        <property key="symbol-stripping" value=""/>
        <property key="extra-lib-directories" value=".."/>
      </C32-LD>
      <C32Global>
        <property key="legacy-libc" value="false"/>
      </C32Global>
      <PICkit3PlatformTool>
        <property key="programoptions.preserveprogramrange" value="false"/>
        <property key="programoptions.eraseb4program" value="true"/>
        <property key="memories.id" value="false"/>
        <property key="CHANGE NOTICE" value="true"/>
        <property key="ToolFirmwareFilePath"
                  value="Press to browse for a specific firmware version"/>
        <property key="memories.eeprom" value="false"/>
        <property key="SecureSegment.SegmentProgramming" value="FullChipProgramming"/>
        <property key="COMPARATOR" value="true"/>
        <property key="REAL TIME CLOCK" value="true"/>
        <property key="programoptions.usehighvoltageonmclr" value="false"/>
        <property key="DMA" value="true"/>
        <property key="INPUT CAPTURE 5" value="true"/>
        <property key="INPUT CAPTURE 4" value="true"/>
        <property key="INPUT CAPTURE 3" value="true"/>
        <property key="INPUT CAPTURE 2" value="true"/>
        <property key="programoptions.preserveeeprom" value="false"/>
        <property key="INPUT CAPTURE 1" value="true"/>
        <property key="ADC 1" value="true"/>
        <property key="hwtoolclock.frcindebug" value="false"/>
        <property key="OUTPUT COMPARE 5" value="true"/>
        <property key="OUTPUT COMPARE 4" value="true"/>
        <property key="memories.programmemory" value="true"/>
        <property key="OUTPUT COMPARE 3" value="true"/>
        <property key="PARALLEL MASTER/SLAVE PORT" value="true"/>
        <property key="OUTPUT COMPARE 2" value="true"/>
        <property key="OUTPUT COMPARE 1" value="true"/>
        <property key="poweroptions.powerenable" value="false"/>
        <property key="memories.programmemory.start" value="0x1d000000"/>
        <property key="programoptions.preserveprogramrange.start" value="0x1d000000"/>
        <property key="ToolFirmwareOption.UseLatestFirmware" value="true"/>
        <property key="AutoSelectMemRanges" value="auto"/>
        <property key="voltagevalue" value="3.25"/>
        <property key="memories.programmemory.end" value="0x1d07ffff"/>
        <property key="TIMER5" value="true"/>
        <property key="TIMER4" value="true"/>
        <property key="TIMER3" value="true"/>
        <property key="TIMER2" value="true"/>
        <property key="TIMER1" value="true"/>
        <property key="programmertogo.imagename" value=""/>
        <property key="I2C2" value="true"/>
        <property key="I2C1" value="true"/>
        <property key="INTERRUPT CONTROL" value="true"/>
        <property key="UART2" value="true"/>
        <property key="programoptions.preserveprogramrange.end" value="0x1d0001ff"/>
        <property key="Freeze All Other Peripherals" value="true"/>
        <property key="UART1" value="true"/>
      </PICkit3PlatformTool>
    </conf>
    <conf name="MX440_FD" type="2">
      <toolsSet>
        <developmentServer>localhost</developmentServer>
        <targetDevice>PIC32MX440F256H</targetDevice>
        <targetHeader></targetHeader>
        <platformTool>PICkit3PlatformTool</platformTool>
        <languageToolchain>C32</languageToolchain>
        <languageToolchainVersion>2.02</languageToolchainVersion>
        <platform>3</platform>
      </toolsSet>
      <compileType>
        <linkerTool>
          <linkerLibItems>
          </linkerLibItems>
        </linkerTool>
      </compileType>
      <makeCustomizationType>
        <makeCustomizationPreStepEnabled>false</makeCustomizationPreStepEnabled>
        <makeCustomizationPreStep></makeCustomizationPreStep>
        <makeCustomizationPostStepEnabled>false</makeCustomizationPostStepEnabled>
        <makeCustomizationPostStep></makeCustomizationPostStep>
        <makeCustomizationAlternativeFileToLoadEnabled>false</makeCustomizationAlternativeFileToLoadEnabled>
        <makeCustomizationAlternativeFileToLoad></makeCustomizationAlternativeFileToLoad>
        <makeCustomizationPutChecksumInUserID>false</makeCustomizationPutChecksumInUserID>
      </makeCustomizationType>
      <C32>
        <property key="optimization-level" value="-O1"/>
        <property key="generate-16-bit-code" value="false"/>
        <property key="strict-ansi" value="false"/>
        <property key="preprocessor-macros" value="FUBARDUINO"/>
        <property key="additional-warnings" value="false"/>
        <property key="extra-include-directories"
                  value="..;../Microchip/Include;../Microchip/Include/USB;./;../HIDBoot.X/;../.."/>
        <property key="post-instruction-scheduling" value="default"/>
        <property key="enable-app-io" value="false"/>
        <property key="enable-unroll-loops" value="false"/>
        <property key="support-ansi" value="false"/>
        <property key="place-data-into-section" value="true"/>
        <property key="enable-symbols" value="true"/>
        <property key="isolate-each-function" value="true"/>
        <property key="use-indirect-calls" value="false"/>
        <property key="exclude-floating-point" value="true"/>
        <property key="enable-omit-frame-pointer" value="false"/>
        <property key="pre-instruction-scheduling" value="default"/>
        <property key="make-warnings-into-errors" value="false"/>
        <appendMe value="-fno-forward-propagate"/>
      </C32>
      <C32-AS>
        <property key="omit-debug-dirs" value="false"/>
        <property key="extra-include-directories-for-assembler" value=".."/>
        <property key="preprocessor-macros" value=""/>
        <property key="exclude-floating-point-library" value="false"/>
        <property key="list-file" value=""/>
        <property key="list-source" value="false"/>
        <property key="list-assembly" value="false"/>
        <property key="warning-level" value=""/>
        <property key="extra-include-directories-for-preprocessor" value=""/>
        <property key="list-section-info" value="false"/>
        <property key="omit-forms" value="false"/>
        <property key="list-symbols" value="false"/>
        <property key="enable-symbols" value="true"/>
        <property key="keep-locals" value="false"/>
        <property key="false-conditionals" value="false"/>
        <property key="expand-macros" value="false"/>
        <property key="assembler-symbols" value=""/>
      </C32-AS>
      <C32-LD>
        <property key="exclude-floating-point-library" value="true"/>
        <property key="optimization-level" value="-O1"/>
        <property key="generate-16-bit-code" value="false"/>
        <property key="preprocessor-macros" value=""/>
        <property key="warn-section-align" value="false"/>
        <property key="heap-size" value=""/>
        <property key="no-startup-files" value="false"/>
        <property key="remove-unused-sections" value="false"/>
        <property key="stack-size" value=""/>
        <property key="trace-symbols" value=""/>
        <property key="linker-symbols" value=""/>
        <property key="map-file" value="&quot;${DISTDIR}/HIDBoot.X.${IMAGE_TYPE}.map&quot;"/>
        <property key="exclude-standard-libraries" value="false"/>
        <property key="report-memory-usage" value="false"/>
        <property key="generate-cross-reference-file" value="false"/>
        <property key="input-libraries" value=""/>
        <property key="enable-check-sections" value="false"/>
        <property key="symbol-stripping" value=""/>
        <property key="extra-lib-directories" value=".."/>
      </C32-LD>
      <C32Global>
        <property key="legacy-libc" value="false"/>
      </C32Global>
      <PICkit3PlatformTool>
        <property key="programoptions.preserveprogramrange" value="false"/>
        <property key="programoptions.eraseb4program" value="true"/>
        <property key="memories.id" value="false"/>
        <property key="CHANGE NOTICE" value="true"/>
        <property key="ToolFirmwareFilePath"
                  value="Press to browse for a specific firmware version"/>
        <property key="memories.eeprom" value="false"/>
        <property key="SecureSegment.SegmentProgramming" value="FullChipProgramming"/>
        <property key="COMPARATOR" value="true"/>
        <property key="REAL TIME CLOCK" value="true"/>
        <property key="programoptions.usehighvoltageonmclr" value="false"/>
        <property key="DMA" value="true"/>
        <property key="INPUT CAPTURE 5" value="true"/>
        <property key="INPUT CAPTURE 4" value="true"/>
        <property key="INPUT CAPTURE 3" value="true"/>
        <property key="INPUT CAPTURE 2" value="true"/>
        <property key="programoptions.preserveeeprom" value="false"/>
        <property key="INPUT CAPTURE 1" value="true"/>
        <property key="ADC 1" value="true"/>
        <property key="hwtoolclock.frcindebug" value="false"/>
        <property key="OUTPUT COMPARE 5" value="true"/>
        <property key="OUTPUT COMPARE 4" value="true"/>
        <property key="memories.programmemory" value="true"/>
        <property key="OUTPUT COMPARE 3" value="true"/>
        <property key="PARALLEL MASTER/SLAVE PORT" value="true"/>
        <property key="OUTPUT COMPARE 2" value="true"/>
        <property key="OUTPUT COMPARE 1" value="true"/>
        <property key="poweroptions.powerenable" value="false"/>
        <property key="memories.programmemory.start" value="0x1d000000"/>
        <property key="programoptions.preserveprogramrange.start" value="0x1d000000"/>
        <property key="ToolFirmwareOption.UseLatestFirmware" value="true"/>
        <property key="AutoSelectMemRanges" value="auto"/>
        <property key="voltagevalue" value="3.25"/>
        <property key="memories.programmemory.end" value="0x1d07ffff"/>
        <property key="TIMER5" value="true"/>
        <property key="TIMER4" value="true"/>
        <property key="TIMER3" value="true"/>
        <property key="TIMER2" value="true"/>
        <property key="TIMER1" value="true"/>
        <property key="programmertogo.imagename" value=""/>
        <property key="I2C2" value="true"/>
        <property key="I2C1" value="true"/>
        <property key="INTERRUPT CONTROL" value="true"/>
        <property key="UART2" value="true"/>
        <property key="programoptions.preserveprogramrange.end" value="0x1d0001ff"/>
        <property key="Freeze All Other Peripherals" value="true"/>
        <property key="UART1" value="true"/>
      </PICkit3PlatformTool>
    </conf>
  </confs>
</configurationDescriptor>
